rollno,first_name,last_name
22051,Glynn,Revey
22052,Cacilie,Thorouggood
22053,Breena,Snugg
22054,Sigfried,Roubeix
22055,Johny,Rubinowitsch
22056,Whitby,Ransbury
22057,Simonne,Peterffy
22058,Gunilla,Enrico
22059,Diandra,Newland
220510,Gennie,Gianasi
220511,Sissie,Curtain
220512,Merlina,Paolozzi
220513,Stace,Bingham
220514,Jasmina,Cusiter
220515,Madison,McDougle
220516,Maighdiln,Elderkin
220517,Joe,Chantree
220518,Paige,Boot
220519,Sylas,Salzberger
220520,Torry,Edmundson
220521,Archer,Izsak
220522,Nichole,Bedburrow
220523,Britte,MacMearty
220524,Adan,Linck
220525,Letti,Shelborne
220526,Reggis,Aronson
220527,Osborne,Tinner
220528,Ursuline,Vigers
220529,Alverta,Kernoghan
220530,Kassie,Skilton
220531,Basile,Bartolini
220532,Zoe,Churchyard
220533,Richie,Guppey
220534,Leeland,Tours
220535,Jim,Meneely
220536,Jobyna,Robertelli
220537,Mick,Woffenden
220538,Eudora,Bebbington
220539,Jen,Akam
220540,Gaspar,Hayesman
220541,Tommy,Shoutt
220542,Patrizius,Dobbing
220543,Freddy,Glancey
220544,Onofredo,Bynold
220545,Grady,China
220546,Leonidas,Olliar
220547,Robb,Dingate
220548,Mei,Carthy
220549,Sharon,Ploughwright
220550,Fancie,Milkin
220551,Ernestus,Chaplain
220552,Cyrille,Jakeman
220553,Finley,Farans
220554,Antonietta,Farington
220555,Asa,Ramirez
220556,Shirlene,MacGill
220557,Des,Whyteman
220558,Alix,Blaes
220559,Genovera,Outram
220560,Lanni,Castane
220561,Sydney,Vasyushkhin
220562,Madalyn,de Courcy
220563,Chelsae,Oldknowe
220564,Marylee,Listone
220565,Thia,Vescovini
220566,Katrinka,Unstead
220567,Catherin,Pinock
220568,Verna,Lambdean
220569,Euphemia,Blumfield
220570,Rorie,Lowre
220571,Megen,Aherne
220572,Maurizia,Roaf
220573,Joline,Ferrick
220574,Skipton,Goggan
220575,Lotty,Ashingden
220576,Wanids,Shallcrass
220577,Hervey,Athelstan
220578,Josephine,Bagshaw
220579,Aurora,Kerrich
220580,Libbie,Londer
220581,Ynez,Gounin
220582,Bernarr,Digges
220583,Worth,Deighton
220584,Claude,Cline
220585,Kellen,Lebang
220586,Charmaine,Quare
220587,Auroora,Iacovacci
220588,Cherie,Bond
220589,Ransell,Baker
220590,Christal,Anespie
220591,Emelda,Huxstep
220592,Oby,Swyn
220593,Ara,Rochewell
220594,Erda,Holstein
220595,Luigi,Lavis
220596,Glynis,Hamsley
220597,Elberta,Jirieck
220598,Clarisse,Cammiemile
220599,Arliene,Steffans
2205100,Pyotr,Moorcraft
2205101,Casandra,Atthowe
2205102,Zelma,Constantine
2205103,Kelby,Mellows
2205104,Worth,Bambridge
2205105,Alleyn,Keri
2205106,Wallie,Carrabot
2205107,Wilmar,Casely
2205108,Gaspard,Cavolini
2205109,Lewie,Ainger
2205110,Walden,Tebbs
2205111,Nils,Boakes
2205112,Roxine,Colter
2205113,Brander,Hourstan
2205114,Cathrine,Victor
2205115,Reube,Midson
2205116,Lannie,Twycross
2205117,Ralina,Casley
2205118,Rochette,Applewhite
2205119,Barbie,Righy
2205120,Sashenka,Swinford
2205121,Kelsey,Raddenbury
2205122,Fredra,Bolzen
2205123,Hieronymus,Benoiton
2205124,Maddie,Maisey
2205125,Robby,Singyard
2205126,Ozzy,Galbreth
2205127,Bee,Boodle
2205128,Felic,Hyett
2205129,Joleen,Hulle
2205130,Gusella,Esgate
2205131,Cori,Haggis
2205132,Karine,Chrismas
2205133,Jo,Dominik
2205134,Eudora,Fishburn
2205135,Meredithe,Samart
2205136,Basile,Masi
2205137,Den,Dollman
2205138,Amalie,Januszewski
2205139,Elizabet,Diche
2205140,Ruth,Ridoutt
2205141,Sara,Piercey
2205142,Gilberto,Pactat
2205143,Cynthie,McDermott
2205144,Frankie,Aulds
2205145,Trenton,Hackinge
2205146,Bryn,Iacovuzzi
2205147,Muire,Szreter
2205148,Fifi,Remmer
2205149,Robers,Capes
2205150,Cris,Cheale
2205151,Thia,Curtain
2205152,Isabeau,Freathy
2205153,Ferdinande,Wilds
2205154,Inger,Bruckman
2205155,Fanya,Blackaller
2205156,Catrina,Heintsch
2205157,Neil,Delyth
2205158,Robbyn,Devanny
2205159,Clemmy,Relf
2205160,Tory,Wicklin
2205161,Odell,Puckett
2205162,Nicol,Skingle
2205163,Barbra,Edelman
2205164,Gherardo,Stobbie
2205165,Phyllida,Landeg
2205166,Sheelah,Marrow
2205167,Lee,Slinger
2205168,Jammal,Eversley
2205169,Jecho,Antoniat
2205170,Adelle,Goligher
2205171,Clare,Reynoollds
2205172,Patric,Saill
2205173,Helsa,Everard
2205174,Lynde,Matiewe
2205175,Werner,McMickan
2205176,Fawnia,Nappin
2205177,Flossy,Coldridge
2205178,Romeo,O'Loughnan
2205179,Booth,Gimbart
2205180,Hurley,Rizzotto
2205181,Celinka,Ruddlesden
2205182,Marten,Adamkiewicz
2205183,Nadia,Steven
2205184,Levy,Steanyng
2205185,Shelba,Bladge
2205186,Kennith,Scardafield
2205187,Washington,Heed
2205188,Ainslee,Caren
2205189,Pernell,Scandred
2205190,Bethany,Karel
2205191,Rolph,Stansby
2205192,Chrissy,Kidney
2205193,Coralyn,Diter
2205194,Fleurette,Broxholme
2205195,Helenelizabeth,Sandaver
2205196,Kacy,Donnell
2205197,Percy,Calveley
2205198,Dallis,Poppleton
2205199,Regan,Gaskin
2205200,Ondrea,Fibben
2205201,Tremaine,Morteo
2205202,Roderic,Bidgod
2205203,Andras,Osmund
2205204,Eveleen,Toghill
2205205,Baillie,Fass
2205206,Gilly,Luckman
2205207,Nickolas,Espino
2205208,Rosanna,Peeter
2205209,Phil,Creavan
2205210,Lynna,Farnie
2205211,Veriee,Klesel
2205212,Miles,MacCostigan
2205213,Walden,Stoffels
2205214,Costa,Hove
2205215,Nicolas,Felce
2205216,Harriott,Ellissen
2205217,Alecia,O'Clery
2205218,Chrissie,Hambidge
2205219,Meris,Alessandone
2205220,Angela,Smewing
2205221,Rhys,Clampett
2205222,Dominik,Sandels
2205223,Townie,Rubert
2205224,Ivy,Carme
2205225,Zak,Rendall
2205226,Peggi,Bartoloma
2205227,Ailis,Currell
2205228,Marius,Kemp
2205229,Oralee,Zecchii
2205230,Fernandina,Zavattieri
2205231,Caryl,Cleator
2205232,Dru,Stoven
2205233,Madel,Fuzzens
2205234,Teena,De Beneditti
2205235,Lyn,Riquet
2205236,Olimpia,Kegan
2205237,Sandie,Le Grice
2205238,Marjy,Lemmen
2205239,Cointon,Reasce
2205240,Ailina,Woolis
2205241,Ancell,Tuite
2205242,Lorrin,Choldcroft
2205243,Akim,Menicomb
2205244,Lynnea,Yakubov
2205245,Maxine,De Vaar
2205246,Pattie,Luxon
2205247,Reggie,Bark
2205248,Gabbey,Hatz
2205249,Stephannie,Indge
2205250,Laurice,Grassick
2205251,Malva,Stainton - Skinn
2205252,Kathi,Maylard
2205253,Chip,Stent
2205254,Arlen,Campany
2205255,Mikey,McCaughey
2205256,Marya,Clemmett
2205257,Pavia,Ceely
2205258,Anna,Philipsohn
2205259,Thia,Bruton
2205260,Katee,Belasco
2205261,Correy,Cheng
2205262,Farlie,Woolf
2205263,Clarance,Griffin
2205264,Maria,Schach
2205265,Claudius,Upham
2205266,Murry,Kettridge
2205267,Celinda,Coverly
2205268,Kile,Brocklesby
2205269,Darn,Bandiera
2205270,Clive,Pentlow
2205271,Gayel,Connerly
2205272,Celina,Baldinotti
2205273,Anne-marie,Heyns
2205274,Ricoriki,Spickett
2205275,Emmi,De Micoli
2205276,Edeline,Indruch
2205277,Talia,Koppe
2205278,Mariann,Harwood
2205279,Catrina,Stops
2205280,Liza,Marriage
2205281,Karlee,Scallan
2205282,Evan,Yell
2205283,Nahum,Mildmott
2205284,Fredra,Borell
2205285,Roddy,Burnham
2205286,Jules,Turnor
2205287,Cull,Birdis
2205288,Alisander,Burchill
2205289,Freddi,Catherick
2205290,Lissy,Norwell
2205291,Meara,Millsom
2205292,Neel,Skinn
2205293,Moore,Redfearn
2205294,Gideon,Kuhnhardt
2205295,Maggi,Brugman
2205296,Annmaria,Tumility
2205297,Nalani,Fulloway
2205298,Adam,Pretley
2205299,Prudy,Aglione
2205300,Eleanora,Spavins